id,userName,title,class,place,start_date,start_time,end_date,end_time,remarks,last_editor,created_at,updated_at,deleted_at
1,桃井,交通安全教室,全クラス,中庭,2019-10-28,10:00:00,2019-10-28,12:00:00,ボランティアの方が5人来園,牧野,,,
2,月成,身体測定,ちゅーりっぷ,中庭,2019-10-29,10:00:00,2019-10-29,11:00:00,教師2人徴収,牧野,,,
3,鈴鹿,お楽しみ会,無し,園外,2019-10-30,10:00:00,2019-10-30,20:00:00,県外に研修,牧野,,,
4,茂木,家庭訪問,無し,社内,2019-10-30,09:00:00,2019-10-30,20:00:00,OIC生3名1日インターン,牧野,,,
5,千原,個人懇談,ばら,園外,2019-10-30,10:00:00,2019-10-30,14:00:00,後楽園見学,牧野,,,
6,カラクリ大権現　無零武,ヒマタグマー,指定なし,指定なし,2019-11-05,,2019-11-06,,,nimo,,,
7,カラクリ大権現　無零武,個人懇談,指定なし,指定なし,2019-11-06,00:59:00,2019-11-06,01:59:00,,nimo,,,
8,カラクリ大権現　無零武,(タイトルなし),指定なし,指定なし,2019-11-05,,2019-11-08,,,nimo,,,
11,nimo,ゴールデンハムスター,指定なし,指定なし,2019-11-20,,2019-11-21,,,nimo,,,
12,nimo,ゴールデンハムスター,指定なし,指定なし,2019-11-20,,2019-11-21,,,nimo,,,
13,nimo,かかかｋ,1才ばら1,指定なし,2019-11-07,,2019-11-27,,,nimo,,,
14,nimo,あ,指定なし,指定なし,2018-01-03,,2019-11-06,,,nimo,,,
15,,入園式,ちゅうりっぷ,WC1F,0119-11-07,,0119-11-08,,,nimo,,,
16,nimo,家庭,ちゅうりっぷ,玄関,2019-11-07,22:00:00,2019-11-07,22:01:00,,nimo,,,
17,nimo,家庭訪問,ねむみ,階段,2019-11-07,,2019-11-07,,,nimo,,,
18,nimo,家庭訪問,全クラス,玄関,2019-11-07,,2019-11-07,,,nimo,,,
19,nimo,交通安全教室,ばら,指定なし,2019-11-03,,2019-11-06,,,nimo,,,
20,nimo,交通安全教室,0才ちゅうりっぷ1,事務室1F,2019-10-07,,2019-11-13,,kuh,nimo,,,
21,nimo,しろちゃんもふもふ,指定なし,指定なし,2019-11-05,,2019-11-05,,うｙふｙｆ,nimo,,,
22,nimo,　,0才ちゅうりっぷ3,指定なし,2019-11-13,,2019-11-14,,,nimo,,,
23,nimo,　,指定なし,指定なし,2019-11-07,,2019-11-07,,,nimo,,,
24,nimo,交通,指定なし,指定なし,2019-11-05,,2019-11-05,,,nimo,,,
25,nimo,家庭訪問,指定なし,指定なし,2019-11-05,,2019-11-05,,,nimo,,,
26,nimo,(タイトルなし),指定なし,指定なし,2019-11-05,,2019-11-12,,,nimo,,,
27,nimo,　,指定なし,指定なし,2019-11-05,,2019-11-12,,,nimo,,,
28,nimo,(タイトルなし),指定なし,指定なし,2019-11-06,,2019-11-14,,,nimo,,,
29,nimo,　　あ　,指定なし,指定なし,2019-11-06,,2019-11-14,,,nimo,,,
30,nimo,(タイトルなし),指定なし,指定なし,2019-11-12,,2019-11-13,,,nimo,,,
31,nimo,交通安全教室,指定なし,指定なし,2019-11-13,,2019-11-19,,,nimo,,,
32,nimo,交通安全,指定なし,指定なし,2019-11-12,,2019-11-14,,,nimo,,,
33,カラクリ大権現　無零武,蛍光灯100本デスマッチ,指定なし,指定なし,2019-11-11,,2019-11-13,,,カラクリ大権現　無零武,,,
34,nimo,家庭,指定なし,調理室,2019-11-08,,2019-11-08,,"ｋｋ
ｋｋｋ",nimo,,,
