id,userName,title,class,place,start_date,start_time,end_date,end_time,remarks,last_editor,created_at,updated_at,deleted_at
1,桃井,交通安全教室,全クラス,中庭,2019-11-03,10:00:00,2019-11-28,12:00:00,ボランティアの方が5人来園,牧野,,,
2,月成,身体測定,ちゅーりっぷ,中庭,2019-11-04,10:00:00,2019-11-09,11:00:00,教師2人徴収,牧野,,,
3,鈴鹿,お楽しみ会,無し,園外,2019-11-05,10:00:00,2019-11-05,20:00:00,県外に研修,牧野,,,
4,茂木,家庭訪問,無し,社内,2019-11-06,09:00:00,2019-11-30,20:00:00,OIC生3名1日インターン,牧野,,,
5,千原,個人懇談,ばら,園外,2019-10-30,10:00:00,2019-10-30,14:00:00,後楽園見学,牧野,,,
